{
    "mean_gram_loss": {
        "min": 1.0665193173053922e-07,
        "max": 4.493103347158467e-07,
        "mean": 2.3652327458023593e-07,
        "median": 2.2567590463040688e-07,
        "num_samples": 500
    },
    "mean_l2_loss": {
        "min": 0.2086482048034668,
        "max": 0.33249640464782715,
        "mean": 0.2569301338493824,
        "median": 0.2549419105052948,
        "num_samples": 500
    },
    "mean_gaussianmmd_loss": {
        "min": 6.055945873260498,
        "max": 6.186278820037842,
        "mean": 6.142660177230835,
        "median": 6.144202470779419,
        "num_samples": 500
    },
    "mean_linearmmd_loss": {
        "min": 0.004944950342178345,
        "max": 0.016029590740799904,
        "mean": 0.009599736926145852,
        "median": 0.009473497979342937,
        "num_samples": 500
    },
    "mean_dss_loss": {
        "min": 0.0006341427360894158,
        "max": 0.006236828863620758,
        "mean": 0.0018617755006998778,
        "median": 0.001664664814597927,
        "num_samples": 500
    },
    "mean_swd_loss": {
        "min": 2047.3255747457345,
        "max": 3613.7411363720894,
        "mean": 2874.9518797162773,
        "median": 2879.739576111237,
        "num_samples": 500
    }
}