{
    "mean_gram_loss": {
        "min": 7.716254302181369e-09,
        "max": 9.922732857603478e-08,
        "mean": 3.700840435705288e-08,
        "median": 3.514025515016783e-08,
        "num_samples": 500
    },
    "mean_l2_loss": {
        "min": 0.01130763441324234,
        "max": 0.12156227231025696,
        "mean": 0.058972104772925374,
        "median": 0.055623261258006096,
        "num_samples": 500
    },
    "mean_gaussianmmd_loss": {
        "min": 5.929347515106201,
        "max": 6.1728291511535645,
        "mean": 6.097182453155518,
        "median": 6.100874900817871,
        "num_samples": 500
    },
    "mean_linearmmd_loss": {
        "min": 0.00037301905103959143,
        "max": 0.004795480985194445,
        "mean": 0.0017597552808001637,
        "median": 0.001626109704375267,
        "num_samples": 500
    },
    "mean_dss_loss": {
        "min": 0.0001100208428397309,
        "max": 0.002027269685640931,
        "mean": 0.0006825208347145236,
        "median": 0.0006564851719303988,
        "num_samples": 500
    },
    "mean_swd_loss": {
        "min": 61.49940729575852,
        "max": 850.701973259449,
        "mean": 346.6805246586775,
        "median": 339.3298495610555,
        "num_samples": 500
    }
}