{
    "mean_gram_loss": {
        "min": 1.9229756276217813e-07,
        "max": 1.574403427184734e-06,
        "mean": 5.362584309855444e-07,
        "median": 4.862641844738391e-07,
        "num_samples": 102
    },
    "mean_l2_loss": {
        "min": 0.24829338490962982,
        "max": 0.45546433329582214,
        "mean": 0.34527253417992126,
        "median": 0.34500552713871,
        "num_samples": 102
    },
    "mean_gaussianmmd_loss": {
        "min": 6.1057281494140625,
        "max": 6.186278820037842,
        "mean": 6.151187499364217,
        "median": 6.154219627380371,
        "num_samples": 102
    },
    "mean_linearmmd_loss": {
        "min": 0.0069877407513558865,
        "max": 0.048712823539972305,
        "mean": 0.01821410882414556,
        "median": 0.016883863136172295,
        "num_samples": 102
    },
    "mean_dss_loss": {
        "min": 0.0011995181266684085,
        "max": 0.018494701478630304,
        "mean": 0.0049534695084302634,
        "median": 0.00407812197227031,
        "num_samples": 102
    },
    "mean_swd_loss": {
        "min": 3836.7411992351213,
        "max": 10162.394644697506,
        "mean": 6384.546835162281,
        "median": 6226.879631032546,
        "num_samples": 102
    }
}