{
    "mean_gram_loss": {
        "min": 1.5508688022691786e-07,
        "max": 1.135087586590089e-06,
        "mean": 4.626847897105906e-07,
        "median": 4.4721323888552433e-07,
        "num_samples": 98
    },
    "mean_l2_loss": {
        "min": 0.19513928890228271,
        "max": 0.44177085161209106,
        "mean": 0.3141958964418392,
        "median": 0.3159782439470291,
        "num_samples": 98
    },
    "mean_gaussianmmd_loss": {
        "min": 6.068637847900391,
        "max": 6.186278820037842,
        "mean": 6.153440154328639,
        "median": 6.157006502151489,
        "num_samples": 98
    },
    "mean_linearmmd_loss": {
        "min": 0.005196624901145697,
        "max": 0.03605303913354874,
        "mean": 0.01796333708002099,
        "median": 0.018289786763489246,
        "num_samples": 98
    },
    "mean_dss_loss": {
        "min": 0.0009938350412994623,
        "max": 0.006612167926505208,
        "mean": 0.0032810039998849437,
        "median": 0.003008774889167398,
        "num_samples": 98
    },
    "mean_swd_loss": {
        "min": 2537.2187673846884,
        "max": 6005.357527653377,
        "mean": 3944.710415586727,
        "median": 3958.034531553586,
        "num_samples": 98
    }
}