{
    "mean_gram_loss": {
        "min": 8.71176482064584e-08,
        "max": 2.0703037080238573e-06,
        "mean": 5.789847202350984e-07,
        "median": 4.974072567165422e-07,
        "num_samples": 500
    },
    "mean_l2_loss": {
        "min": 0.23103615641593933,
        "max": 0.4247458875179291,
        "mean": 0.31392542308568955,
        "median": 0.3141346871852875,
        "num_samples": 500
    },
    "mean_gaussianmmd_loss": {
        "min": 6.0714545249938965,
        "max": 6.186278820037842,
        "mean": 6.148345297813416,
        "median": 6.150726318359375,
        "num_samples": 500
    },
    "mean_linearmmd_loss": {
        "min": 0.003956152591854334,
        "max": 0.033999964594841,
        "mean": 0.012763197203166782,
        "median": 0.011746000498533249,
        "num_samples": 500
    },
    "mean_dss_loss": {
        "min": 0.0005384584073908627,
        "max": 0.012340363813564181,
        "mean": 0.0028799468236393295,
        "median": 0.0024047809129115194,
        "num_samples": 500
    },
    "mean_swd_loss": {
        "min": 869.8205850770076,
        "max": 6448.293489297231,
        "mean": 3802.8436141799093,
        "median": 3795.7511748870215,
        "num_samples": 500
    }
}