{
    "shallow_stage2_4": {
        "mean": 0.0007108239515218884,
        "std_dev": 0.0001724785252008587,
        "min": 0.0005383454263210297,
        "max": 0.0008833024767227471
    },
    "middle_stage6": {
        "mean": 0.00044652094948105514,
        "std_dev": 0.0,
        "min": 0.00044652094948105514,
        "max": 0.00044652094948105514
    },
    "deep_stage8_9": {
        "mean": 0.000502793351188302,
        "std_dev": 0.00013072218280285597,
        "min": 0.00037207116838544607,
        "max": 0.000633515533991158
    }
}