{
    "shallow_stage2_4": {
        "mean": 0.010784748941659927,
        "std_dev": 0.0025111064314842224,
        "min": 0.008273642510175705,
        "max": 0.01329585537314415
    },
    "middle_stage6": {
        "mean": 0.004575056955218315,
        "std_dev": 0.0,
        "min": 0.004575056955218315,
        "max": 0.004575056955218315
    },
    "deep_stage8_9": {
        "mean": 0.002579497580882162,
        "std_dev": 0.0006962908082641661,
        "min": 0.0018832067726179957,
        "max": 0.003275788389146328
    }
}