{
    "shallow_stage2_4": {
        "mean": 0.008946044137701392,
        "std_dev": 0.0025348796043545008,
        "min": 0.006411164533346891,
        "max": 0.011480923742055893
    },
    "middle_stage6": {
        "mean": 0.0037918882444500923,
        "std_dev": 0.0,
        "min": 0.0037918882444500923,
        "max": 0.0037918882444500923
    },
    "deep_stage8_9": {
        "mean": 0.002061389619484544,
        "std_dev": 0.0004237343091517687,
        "min": 0.0016376553103327751,
        "max": 0.0024851239286363125
    }
}