{
    "shallow_stage2_4": {
        "mean": 0.009866350563243032,
        "std_dev": 0.00248339562676847,
        "min": 0.007382954936474562,
        "max": 0.012349746190011501
    },
    "middle_stage6": {
        "mean": 0.004224488046020269,
        "std_dev": 0.0,
        "min": 0.004224488046020269,
        "max": 0.004224488046020269
    },
    "deep_stage8_9": {
        "mean": 0.0024141273461282253,
        "std_dev": 0.0004436385352164507,
        "min": 0.0019704888109117746,
        "max": 0.002857765881344676
    }
}